{"cameraMode":{"drawMode":0,"name":"Shaded","section":"Shading Mode"},"sceneLighting":true,"audioPlay":false,"sceneViewState":{"m_AlwaysRefresh":false,"showFog":true,"showSkybox":true,"showFlares":true,"showImageEffects":true,"showParticleSystems":true,"showVisualEffectGraphs":true,"m_FxEnabled":true},"in2DMode":false,"pivot":{"x":-1.0035690069198609,"y":2.5960397720336916,"z":-0.7891017198562622},"rotation":{"x":-0.07792513072490692,"y":0.9173845648765564,"z":-0.22334223985671998,"w":-0.32008031010627749},"size":6.310063362121582,"orthographic":false}